datetime,AAVE,COMP,LINK,MATIC,SHIB,SOL,SUSHI,UNI,USDC,USDT,WBTC
01-09-2024 00:00,120.64758514514139,42.37562201894071,10.355159693476002,0.40098183397900405,1.3231074818568498e-05,0.001106327,0.5335803552935208,5.618558726562059,1,1,57314.994731972474
02-09-2024 00:00,135.19553916204248,45.135613585232704,10.766346674380184,0.4110225092033608,1.3679687471888406e-05,0.001072544,0.5763340648559373,6.128157013175002,1,1,59036.21313484606
03-09-2024 00:00,118.6997274004741,42.836167763126056,10.295068403545507,0.39803095487793677,1.3176648618305706e-05,0.001051743,0.5561846971930623,6.034323625004103,1,1,57309.74146066517
04-09-2024 00:00,135.59371891256285,44.72627807429743,10.332993076194802,0.38028317355737407,1.3530518893896959e-05,0.001095955,0.5970416982906323,6.440112058748072,1,1,57811.545285349515
05-09-2024 00:00,128.8472363,41.76317893518503,9.987224570985171,0.36856542724987335,1.3164841015862032e-05,0.001105959,0.5726046681501294,6.300823805695797,1,1,56057.37013
06-09-2024 00:00,126.52115755372448,40.75035797471025,9.573779126,0.36497915828002336,1.2694611974857999e-05,0.001037258,0.5564465747075247,6.156147411914773,1,1,53829.11577380244
07-09-2024 00:00,125.11532356527596,40.88013269232125,9.976191514538607,0.3687462118093466,1.2879240866279919e-05,0.001102168,0.5586101606739644,6.416014304079213,1,1,53925.69675390229
08-09-2024 00:00,125.73420727342624,41.20123510557938,10.334785601791728,0.37577768216084106,1.3071218825741326e-05,0.001073911,0.572737662,6.344328847267051,1,1,54700.784837517065
09-09-2024 00:00,140.59180377440063,42.71973084269094,10.569890209246203,0.38246735580203145,1.3634681223467232e-05,0.001128374,0.633663781,6.723278592554457,1,1,57122.51021541211
10-09-2024 00:00,150.6960856182484,43.38209138,10.567843509378255,0.3871264231437875,1.3686969374090005e-05,0.001176103,0.6258767403532122,6.729784737888756,1,1,57745.50157603838
11-09-2024 00:00,149.44927142823096,41.868585396203336,10.413731553171754,0.3730105528128597,1.333638888817588e-05,0.001135657,0.6177673720360283,6.775185730170748,1,1,57398.52594
12-09-2024 00:00,145.68091517080654,44.10957936649551,10.782094192666303,0.37864085105628464,1.339601933164444e-05,0.001445717,0.6616739006932162,6.813060360619919,1,1,58315.75404109648
13-09-2024 00:00,144.73206702864204,44.896811414437664,11.461546194418471,0.4127242560715534,1.4111865314153568e-05,0.001944151,0.6561314068257317,6.947012977017383,1,1,60477.82415939114
14-09-2024 00:00,139.96330843153763,44.73565120854935,11.292975113893464,0.40398608254019647,1.3777301527067995e-05,0.002206132,0.65074353,6.653827848085706,1,1,59919.633105083056
15-09-2024 00:00,143.51923523496274,42.47609307,10.84804339281553,0.39094302972530764,1.3353279925577181e-05,0.001951667,0.6222890162015031,6.542213778808622,1,1,59141.352529622796
16-09-2024 00:00,140.65917493068275,42.38698717821606,10.547074695509556,0.37492447527445527,1.3205466365524547e-05,0.001824425,0.5982240101073374,6.399206630610699,1,1,58157.52024196457
17-09-2024 00:00,140.6868082064372,42.83553271572443,10.592314487097424,0.37956964709314805,1.3313501206093125e-05,0.002025274,0.6100965224920355,6.7739034037446215,1,1,60130.176039776015
18-09-2024 00:00,140.81167495313545,42.99747176074804,10.810177587339084,0.3858433944402636,1.345236201740746e-05,0.002256727,0.6387129733922138,6.713501149880454,1,1,61400.30378712753
19-09-2024 00:00,150.2754325491027,44.47873361975357,11.259043719697182,0.3977290690639519,1.424004077235008e-05,0.002445896,0.6695069654361564,6.8300444673386504,1,1,62927.11726545739
20-09-2024 00:00,153.08644925281905,44.52616377690836,11.431188390899504,0.39987165044999884,1.427229764361755e-05,0.002505306,0.6915235901104523,6.787317213751237,1,1,63073.30080033877
21-09-2024 00:00,154.13214078606865,46.77626516721624,11.519019064072122,0.41192484320666883,1.5068251809870122e-05,0.002397191,0.6958025653834896,6.916636499937179,1,1,63384.86326745797
22-09-2024 00:00,162.27968356485874,46.89886267946603,11.12690828939086,0.3992604637696935,1.4530466483223914e-05,0.002427073,0.680349203,6.632472927373263,1,1,63555.46471571062
23-09-2024 00:00,172.38404218300442,48.97602198063205,11.382993606155019,0.4077521525489134,1.4403790720547652e-05,0.002297023,0.702823581,6.830946224773282,1,1,63009.17819326549
24-09-2024 00:00,166.88706717881192,49.645078851308945,12.175361947091327,0.4076404093060585,1.4811996620823207e-05,0.002239606,0.7214116823749726,6.948501697412941,1,1,64259.48052
25-09-2024 00:00,164.8976278338418,48.82944891368289,12.102659844970484,0.4099103093480236,1.5245827327538718e-05,0.002136232,0.7038760123287644,6.767271671654292,1,1,62992.13067643505
26-09-2024 00:00,164.80619661223037,49.54572216581084,12.504831978914744,0.4239278938279267,1.8493272486342528e-05,0.002413997,0.7418415914738379,7.3497597923754405,1,1,64739.33318824228
27-09-2024 00:00,171.31851549124644,49.801215391291116,12.699796888094943,0.43263703298103073,2.0138232880677588e-05,0.002393033,0.819108793,7.652976637,1,1,65716.70625154428
28-09-2024 00:00,163.42835252087704,48.31321897324761,12.890903697427673,0.42067641790720256,1.9632937505843378e-05,0.002696012,0.9048489414822889,7.578489040295991,1,1,65560.40437046596
29-09-2024 00:00,161.21795371646274,47.47556381512525,12.49501936323712,0.41941790861893435,1.9522620577067843e-05,0.003213513,0.8693720765521721,7.446367094,1,1,65533.845085778376
30-09-2024 00:00,155.95350107585438,46.42413553057982,11.838038632950264,0.39695611667986797,1.763148126905437e-05,0.003044439,0.7927763493701558,7.377288228946527,1,1,63217.07927755584
01-10-2024 00:00,145.19245187794056,42.76550918406516,11.005762104861951,0.37328169915069637,1.621634783324002e-05,0.002924445,0.7135405128046798,6.8800950809293155,1,1,60649.77786714978
02-10-2024 00:00,139.23782864029477,42.207230046878315,10.637005049301932,0.37365119850829287,1.623232515492188e-05,0.004960078,0.7039920722386758,6.675994545429153,1,1,60535.49765967414
03-10-2024 00:00,143.29839584915268,42.47116416696057,10.637616502125061,0.37467196648673506,1.596115963859374e-05,0.004960078,0.6972147047944464,6.556273050423375,1,1,60831.15831493075
04-10-2024 00:00,151.2479721186138,44.61987396469388,11.050868834052684,0.3823143177232587,1.7404154870518466e-05,0.004960078,0.7403459705438874,6.696498121948719,1,1,61895.83160011752
05-10-2024 00:00,148.58482015853764,44.245171811630165,11.202398266689801,0.37836497328611235,1.7247372988580535e-05,0.004960078,0.7428471409965981,6.823002445876894,1,1,61842.212451204374
06-10-2024 00:00,149.6954541055752,43.939683445529205,11.24777070385424,0.38054508769055767,1.8033397813358967e-05,0.004960078,0.7494703086522192,7.053535094237898,1,1,62548.27659399021
07-10-2024 00:00,147.24085365822364,44.538228053747794,11.18942439630171,0.3747008704801775,1.7686295815805346e-05,0.004960078,0.7469875263312256,7.251064193926594,1,1,62420.908081205205
08-10-2024 00:00,143.03789843389592,43.67630883082229,10.849356998743769,0.37704713737388235,1.7235589372633014e-05,0.004960078,0.7413602654957616,7.160976623537461,1,1,61928.947362597006
09-10-2024 00:00,139.7615574488117,42.83445661954441,10.51677826,0.36711625671663467,1.6733880498308952e-05,0.004960078,0.7168570733876398,7.274136563151732,1,1,60662.638462605326
10-10-2024 00:00,140.20689122807374,42.96339475890416,10.52950479079197,0.36706239552065223,1.659599973275201e-05,0.004960078,0.7678000546809198,8.083470484022282,1,1,59986.04187236131
11-10-2024 00:00,144.39334791168898,43.933053932879886,10.936122450741797,0.3721298329681926,1.7725336702559375e-05,0.004960078,0.7787880485492842,7.890068064971999,1,1,62519.929011482265
12-10-2024 00:00,155.39821363488025,45.03900361576045,11.056660865390258,0.3715570120530249,1.802780408588868e-05,0.004960078,0.7686072562582399,8.163109377723192,1,1,63258.52479593846
13-10-2024 00:00,154.45908153566796,44.182258789365825,10.752811531449243,0.3634916140901671,1.7508064422514197e-05,0.004960078,0.7422311842514194,7.671810631,1,1,62811.833257774306
14-10-2024 00:00,162.9351493650893,45.60917997762506,11.262409515399312,0.3779656504220478,1.8670057505125854e-05,0.004960078,0.793089615,8.123748445723947,1,1,66038.60416196223
15-10-2024 00:00,156.56465309790553,44.26243536,11.39711342,0.3707410139833525,1.811611609259152e-05,0.004960078,0.7567821250195266,7.818340778471454,1,1,66836.86965558723
16-10-2024 00:00,156.61399569740735,45.153982207049715,11.272500111567323,0.36969141305777914,1.8687644526848338e-05,0.004960078,0.7358858050605683,7.608659231327266,1,1,67650.47485
17-10-2024 00:00,153.04421135769923,44.46418907706845,11.026426496107375,0.3639703563432366,1.80772730325948e-05,0.004960078,0.6822759038046807,7.365812463279145,1,1,67181.83755157079
18-10-2024 00:00,158.48656522848626,45.906687149392305,11.448768292744445,0.36770932530077494,1.884313880799164e-05,0.004960078,0.7178289774531333,7.446386656656411,1,1,68254.47656
19-10-2024 00:00,158.20205621258881,46.07735972873834,11.388555453822118,0.3716116943850546,1.893610550515847e-05,0.004960078,0.7033293686596213,7.314487275124296,1,1,68244.27638737948
20-10-2024 00:00,159.39442457276138,46.61872747453667,11.99591433599678,0.3842120635754044,1.913188544414032e-05,0.004960078,0.8240656475051049,7.764544887196246,1,1,69146.27127360171
21-10-2024 00:00,153.66561876409722,45.64890086781009,11.749663011542685,0.372416492,1.8391560735286275e-05,0.004960078,0.7677748158171082,7.828473097,1,1,67475.39218362655
22-10-2024 00:00,152.85896661284087,44.664420839175435,12.015928806991077,0.3659915035668675,1.8206133806605917e-05,0.004960078,0.7493237227982551,8.035095281442132,1,1,67310.31549943118
23-10-2024 00:00,149.00959012216111,43.97813184,11.272333941999598,0.353021358,1.7572012894520125e-05,0.004960078,0.7080150347886965,7.8323731770920375,1,1,66583.11722469065
24-10-2024 00:00,147.45013631843713,43.832002295280375,11.578713375700575,0.3553954443358045,1.7874265071372836e-05,0.004960078,0.7421099112995565,8.020978967539588,1,1,68078.28708741459
25-10-2024 00:00,137.86806986640474,40.87570676977544,11.07290000448755,0.3188825947419286,1.6325695944799196e-05,0.004960078,0.6769759553188922,7.4135450631364606,1,1,66582.16341512503
26-10-2024 00:00,142.69857987018383,42.02808380183544,11.030216639002063,0.32732397358510745,1.6960790178263696e-05,0.004960078,0.6839401635772012,7.431536535372526,1,1,66959.94576
27-10-2024 00:00,147.76182083792511,42.61375073754999,11.026672780643876,0.3297548313418792,1.7226044066453127e-05,0.004960078,0.7051758973381896,7.558052453,1,1,67941.49746083551
28-10-2024 00:00,152.34832289175154,42.771864172011846,11.194718895791823,0.32527647323859726,1.8290376502058056e-05,0.004960078,0.7037619999221421,7.768271000061027,1,1,69935.14340756788
29-10-2024 00:00,151.07204354337986,45.063957634572695,11.794590328726416,0.33453718487530265,1.8957750324383007e-05,0.004960078,0.7184248109030548,7.940462736,1,1,72630.09377196034
30-10-2024 00:00,156.4571371446086,44.55749511108951,12.384328135394416,0.33164416621347825,1.8386805030571373e-05,0.004960078,0.7302942871956917,8.142837144171763,1,1,72278.29406883412
31-10-2024 00:00,143.3517155228477,42.81999421950932,11.43091685184586,0.3190513752403817,1.7941190691193833e-05,0.004960078,0.6841837656115838,7.604602936322099,1,1,70389.29184786392
01-11-2024 00:00,141.58523266757484,42.402486395424404,11.262164013035742,0.3181204462844224,1.7504774854806888e-05,0.004960078,0.6699060916887374,7.533382441320423,1,1,69201.36453906335
02-11-2024 00:00,138.38353972451648,41.44818231243121,11.179009270417172,0.31105776801598967,1.751685116517245e-05,0.004960078,0.6521863494845013,7.358468627532375,1,1,69322.07882743717
03-11-2024 00:00,133.0358866870135,40.57275121108088,10.749138815416773,0.2997575189636894,1.673282528487876e-05,0.004960078,0.6112595271491571,7.045726652,1,1,68591.11872
04-11-2024 00:00,128.40539715618098,40.76055167553694,10.256910342490025,0.29037773636645836,1.667108021211913e-05,0.004920969,0.5974421597461151,6.769866050021569,1,1,67726.42087777311
05-11-2024 00:00,135.8901133949367,40.80813202692028,10.839024079519808,0.3034454983111299,1.7855191556250877e-05,0.004960078,0.6309054372939857,7.189689514985073,1,1,69385.62262
06-11-2024 00:00,173.6178795156278,43.70001968266197,12.192685959483374,0.33334443586483054,1.919721549416067e-05,0.004929257,0.7286599441231978,9.321259081432801,1,1,75531.64910153611
07-11-2024 00:00,183.43628227183797,46.718004505866915,12.597879591091116,0.3470791474230645,1.938707321879519e-05,0.004960078,0.7334659915496565,8.918441498612175,1,1,75995.52340189084
08-11-2024 00:00,181.94183509292296,46.788156519471976,13.726885717109587,0.3923248170400596,1.9062532937308042e-05,0.004960078,0.7201751974139251,8.843109679660461,1,1,76497.45820539638
09-11-2024 00:00,195.70426193974183,46.93601651917262,13.75580647059513,0.3876488976423092,2.02555107045501e-05,0.004960078,0.765199018,9.311280135634092,1,1,76534.69203510213
10-11-2024 00:00,189.90507815355716,49.150161521850414,14.265527392213365,0.4067262113737529,2.5936707141163808e-05,0.004960078,0.7925781041545193,9.188566387724853,1,1,80350.05506227483
11-11-2024 00:00,194.43367671276047,53.348276961620186,14.897876824276114,0.4238980836601524,2.782027767815986e-05,0.004960078,0.8530124342889166,9.351788489170163,1,1,88420.64660394783
12-11-2024 00:00,180.10821025956616,52.14134969356937,14.035889966869513,0.40091476696896766,2.6878282807840063e-05,0.004960078,0.7971149887551898,8.995133283,1,1,87780.16980826104
13-11-2024 00:00,173.01831436996505,48.903439765951084,13.451009691248204,0.3736125367846774,2.562300456152235e-05,0.004960078,0.757527584,8.633177255,1,1,90107.80716799948
14-11-2024 00:00,157.6582138681346,46.82250655788836,12.932704479993715,0.3572754265966234,2.3225727369608665e-05,0.004960078,0.7120896452544722,8.142337376355542,1,1,86875.10796
15-11-2024 00:00,164.52880792522635,47.62214872577708,13.827643379222021,0.3716370275714013,2.5607750125701484e-05,0.004960078,0.7522885798094561,8.565315993159345,1,1,90934.32399465136
16-11-2024 00:00,168.4563608996132,52.23604661957469,14.536562867508577,0.42723772830229634,2.4353800119388996e-05,0.004960078,0.8050315352671626,9.07099355,1,1,90218.21161552334
17-11-2024 00:00,161.24303455776018,51.527550673805806,13.718874415522075,0.3975283247869825,2.458923896190655e-05,0.004960078,0.7345413778249583,8.706874260494047,1,1,89478.53245
18-11-2024 00:00,170.75068478539166,55.35596001568559,15.253989141462705,0.4563323598684688,2.4956400963161405e-05,0.004960078,0.8036255397944195,9.264949070640773,1,1,90447.41158379798
19-11-2024 00:00,161.68680213408754,53.510016036818584,14.627470320412547,0.43057938494658043,2.4886087408770125e-05,0.004960078,0.7770197452784959,9.382264529374607,1,1,92102.48018144394
20-11-2024 00:00,157.50296486609088,52.75505431620927,14.300933753856729,0.43356353296803013,2.3886066286050045e-05,0.004960078,0.7379723139601921,8.829967580861684,1,1,93962.6696
21-11-2024 00:00,169.05021337449708,53.81149143996893,14.92272337,0.4539864137480243,2.4530279221722902e-05,0.004960078,0.7869449224326416,9.280121399567134,1,1,98142.75234
22-11-2024 00:00,172.4590467965225,64.25599919859148,16.526579155687102,0.4926363066896138,2.5272272180443837e-05,0.004960078,0.8554928980119552,9.844095522680652,1,1,98409.83281803201
23-11-2024 00:00,174.68310770719526,64.15800403049066,17.408249513059893,0.5700584131081207,2.5804191188234514e-05,0.004960078,0.9336309375786659,10.738713910076674,1,1,97372.52481403617
24-11-2024 00:00,171.18122472936201,67.22038066637883,17.966658809259126,0.5727270062268921,2.5704058044502137e-05,0.004960078,1.1022134870619116,10.907823200103076,1,1,97649.81464674318
25-11-2024 00:00,181.3910953707494,66.55220944997978,17.433833225217136,0.5521245081393414,2.5003987618619276e-05,0.004960078,1.0663311865506628,11.15298261303892,1,1,92891.98689324167
26-11-2024 00:00,181.10975962928686,65.91593527200058,17.328234980410514,0.5265073421119342,2.412524884457835e-05,0.004960078,1.0239943899108925,10.845415244297635,1,1,91613.14116949656
27-11-2024 00:00,210.48453602992967,73.94952005,18.751650411487596,0.5818392111699053,2.5767175965242464e-05,0.004960078,1.2209889370966185,13.53763728071607,1,1,95852.65496790751
28-11-2024 00:00,201.04869696929876,73.11423852,17.98467731972646,0.5633721294981818,2.5251668258157577e-05,0.004960078,1.1624078508319675,12.778237202667249,1,1,95498.08427618693
29-11-2024 00:00,199.6673589014558,70.96579471754802,18.33595608944359,0.581692146,2.6097472019772868e-05,0.00498942,1.1920291459563621,12.639042629285607,1,1,97379.35515213416
30-11-2024 00:00,211.81479853448243,71.58555307,19.094794950029673,0.5984546107030101,2.6751243261060453e-05,0.004986589,1.3597827694620308,12.80553966307616,1,1,96237.17052580556
01-12-2024 00:00,209.9758624,72.95323490829864,18.950743406178514,0.6058342223318912,3.115533773035898e-05,0.004867938,1.3313136896889666,13.079261732523506,1,1,97258.73383395447
02-12-2024 00:00,234.94025767814003,83.72304180624796,25.136109572966834,0.6515274809312701,2.9456628632541798e-05,0.004867938,1.3724613245003823,13.925806599533772,1,1,95621.32591274797
03-12-2024 00:00,241.57875620120672,87.90884146181438,24.253144952678134,0.704847565,2.848815578729445e-05,0.004867938,1.43537504,15.170468999583328,1,1,95829.28348620885
04-12-2024 00:00,256.77295996733363,120.83127803131961,24.084280476522927,0.7081172990150594,3.2861688771277334e-05,0.00498036,1.4985239072488858,15.668613333917136,1,1,98756.89086917462
05-12-2024 00:00,247.8523787050341,114.25759819258049,23.222853328002806,0.6805261073875238,3.04442526239695e-05,0.004960205,1.4826013386221322,15.090132212634716,1,1,96594.12619
06-12-2024 00:00,282.1508919569949,118.10278080379007,25.87482125,0.7122694607948782,3.0970090303506165e-05,0.004989867,1.742292383524416,17.650511855357497,1,1,99609.23740087937
07-12-2024 00:00,282.9843135740625,120.08947377176071,24.84106833,0.698749094,3.224323397321814e-05,0.004989836,1.9308062173112595,18.13017700333073,1,1,99706.00979861748
08-12-2024 00:00,283.6108336639989,118.56940438655309,26.158327546338068,0.7005659225117784,3.2147472702025806e-05,0.005323889,2.643249619323694,18.63649152460571,1,1,100726.88208862663
09-12-2024 00:00,259.8782539811669,98.11697233,22.321786128112713,0.5822486047513491,2.7179882394964532e-05,0.006225527,2.075657027966305,16.04395936401362,1,1,97035.16060822472
10-12-2024 00:00,275.3349054579704,95.95315596625127,22.17229038733975,0.5802197891663412,2.7133190924269e-05,0.006225527,2.037104672661714,15.25281962879923,1,1,96367.37077411223
11-12-2024 00:00,302.4108345785473,103.7527822191294,24.121172925562558,0.6336210249501459,2.916366552115241e-05,0.006225527,2.306561195671506,17.141510411610106,1,1,101132.78440340492
12-12-2024 00:00,367.1442092895353,112.04532995673786,29.143287636642228,0.6199921028537831,2.8228984892768318e-05,0.006225527,2.212809384480931,17.61828264532516,1,1,99805.4336
13-12-2024 00:00,376.6747704950943,110.24512472051283,28.998310772481304,0.6172206480383547,2.817981101335292e-05,0.004981455,2.165245929,17.418756908855865,1,1,100947.9049351401
14-12-2024 00:00,364.98749866505545,106.20505854474231,29.023947990165677,0.5971972046037199,2.7354143246664025e-05,0.004989924,2.0988016457258443,16.76144321401734,1,1,100938.92208047632
15-12-2024 00:00,370.1329790693984,109.97013152387194,29.31482426737371,0.6105551511890522,2.7885323253431745e-05,0.004989924,2.2461154501236793,17.114094829335237,1,1,104386.63577457667
16-12-2024 00:00,379.1786580838593,106.6067597619171,28.761011733225175,0.5913775836981909,2.7152723754681495e-05,0.004989924,2.0280401760092532,16.297933712224037,1,1,105480.91629314562
17-12-2024 00:00,361.1812695915901,100.03110542676552,27.79071687591478,0.5632144879750026,2.6392500957560943e-05,0.004989924,1.9639598076016471,16.256537097027152,1,1,105834.7972963152
18-12-2024 00:00,341.0676272191113,90.53434927196373,24.867389843086727,0.5150741365174338,2.4010865899520074e-05,0.004989804,1.7222801579573486,14.799430656544104,1,1,99918.13707
19-12-2024 00:00,315.6957335043667,80.98715235531563,22.901983536678845,0.47764137145439733,2.1963680946033223e-05,0.004989442,1.5165342105978201,12.770582782671857,1,1,97267.39621254412
20-12-2024 00:00,330.47824260563544,84.78741339751936,23.37514509,0.4983747708556755,2.2363324788916918e-05,0.004963038,1.5688386067731879,13.699711931358625,1,1,97249.23650585521
21-12-2024 00:00,297.84428790754885,80.45014961714112,21.983095985939617,0.4686819925029928,2.1708876045103064e-05,0.004960318,1.4303185321662828,13.35447428889124,1,1,97131.14035227132
22-12-2024 00:00,317.51615564885833,79.86163740976016,22.073958300711972,0.47162990506085134,2.1548107070548033e-05,0.004960302,1.42849269,13.877643670900564,1,1,94921.30976282129
23-12-2024 00:00,384.87672891061965,85.01865900539559,24.505733902091727,0.5003639032161081,2.2405488919390508e-05,0.004960302,1.5495761317174892,14.311068310357818,1,1,94581.07163
24-12-2024 00:00,376.1597973574595,87.18473433868463,25.476158065901387,0.5259921639673557,2.3310221728024235e-05,0.004960302,1.6551574505790043,14.614728156046391,1,1,98387.79700871906
25-12-2024 00:00,368.58459919601444,86.06260984665778,24.421139487825027,0.5121161764145795,2.302747852272459e-05,0.004960302,1.569948214320233,13.834235184408646,1,1,99021.00149280968
26-12-2024 00:00,337.31931914737874,79.28633090965269,22.633242467498984,0.4760464396425689,2.143341740937368e-05,0.004960302,1.4324499980641037,13.222870721273196,1,1,95368.10658000542
27-12-2024 00:00,323.3398386178106,78.71282100355289,21.485513638531838,0.4772361627256638,2.1606129391435842e-05,0.004960302,1.4326954312349334,13.261516222245016,1,1,94183.14928125743
28-12-2024 00:00,354.3733032669317,81.14223227448608,22.037365733161693,0.48721964082330677,2.213067544587257e-05,0.004960302,1.4856303167754081,13.61114715,1,1,95087.58746824597
29-12-2024 00:00,331.18989870186624,77.24652939471542,20.92595571412261,0.4656988093621995,2.143843497351739e-05,0.004960302,1.408056986286181,12.955714589825547,1,1,93434.98206068369
30-12-2024 00:00,320.7142472500041,75.87963526213281,20.521626883688352,0.45910219,2.1126265241292706e-05,0.004727656,1.3672418022274302,13.28112416425832,1,1,92563.82334822058
31-12-2024 00:00,309.28274317206575,73.35346234738617,19.953887068059213,0.45034982400384643,2.1198507574870155e-05,0.004727656,1.3510072883507045,13.21738383389752,1,1,93192.44840701962
01-01-2025 00:00,320.5722500883961,77.87574871,21.67409118157077,0.4713317800994493,2.1433637449465804e-05,0.004727656,1.3684537930525802,13.618286859783039,1,1,94420.31770376845
02-01-2025 00:00,331.95772091644665,78.40042447,22.00423089234587,0.4807158242179752,2.2618487077997604e-05,0.004727656,1.4350089628830194,14.277112540723982,1,1,96627.64294914124
03-01-2025 00:00,351.4967850448012,85.24999304272504,23.462232885351035,0.5186261498018162,2.4295926065533018e-05,0.004727656,1.7799467217905396,15.203237833544854,1,1,98189.46490925361
04-01-2025 00:00,352.4873106509357,84.85961857122946,23.66131981458667,0.5227241292726788,2.445969993359258e-05,0.004727656,1.8492775985331253,15.303692336732771,1,1,98204.80206757343
05-01-2025 00:00,342.41615876884646,84.70632321229499,23.64293671081902,0.5142779663083449,2.3789140422851663e-05,0.004727656,1.7820755157161856,15.15962328468841,1,1,98092.64418023059
06-01-2025 00:00,339.5286888,84.51309514317398,23.783716786321815,0.5201178005251111,2.414685541638247e-05,0.004727656,1.7857602014036855,15.05334074897924,1,1,101634.04840654053
07-01-2025 00:00,306.65334551261105,75.99909533350586,21.468858016846536,0.47060339873702806,2.195618880898037e-05,0.004727656,1.5803615221662413,13.570339047649153,1,1,96849.02181146953
08-01-2025 00:00,294.0740842982733,72.43484454,20.467017016329983,0.461683253,2.1327307542590885e-05,0.004727656,1.4943781474805862,13.08920311631064,1,1,95073.06428
09-01-2025 00:00,281.0673804893995,71.35371138982688,19.67524680579869,0.4474013319344362,2.1060233725473544e-05,0.004727656,1.4898778935643269,12.876971342541518,1,1,92324.44276040106
10-01-2025 00:00,286.31593177742025,77.19444743542458,20.316593741040272,0.4567970469379939,2.145585510397263e-05,0.004727656,1.4909269717865736,13.957469514585366,1,1,94647.80455674235
11-01-2025 00:00,288.87009878570694,80.08405881163634,20.284057687026543,0.45912368086674377,2.2293456431443813e-05,0.004727656,1.4808092809689657,13.71373664878648,1,1,94399.27110155333
12-01-2025 00:00,288.2782159952942,77.37942882329787,19.81037019547006,0.4487860402448209,2.1660539578198765e-05,0.004727656,1.4204078173476302,13.59989884301404,1,1,94305.9676
13-01-2025 00:00,289.1421063264769,73.22319761853072,19.375389981677646,0.43710058546933406,2.1032149062334356e-05,0.004727656,1.3963646323453673,12.900886439531916,1,1,94203.01908439753
14-01-2025 00:00,296.8413870191846,75.91846712042245,20.37563712766373,0.4555253940892989,2.1709639583187967e-05,0.004727656,1.431635842,13.343169805569678,1,1,96495.29665
15-01-2025 00:00,319.6369950027938,83.18787382141105,22.081757119050344,0.48353190326864665,2.2572482962594928e-05,0.004727656,1.6581714473482068,14.55250551313823,1,1,99823.03355971769
16-01-2025 00:00,309.99320459893454,80.36104580627483,22.95199935,0.4706534806540168,2.2102985894207123e-05,0.004727656,1.5904307469249919,14.081635106964754,1,1,99695.09158302408
17-01-2025 00:00,335.75497183588465,89.81424553265356,25.06406204,0.5048179555193223,2.4144575988041352e-05,0.004727656,1.721019296743611,15.00118126488568,1,1,104031.95463462638
18-01-2025 00:00,316.22752825605346,83.45896648942134,24.06461044197558,0.4799561137904211,2.2593119419302872e-05,0.004727656,1.4999559521130192,14.15222157118057,1,1,104201.34147485784
19-01-2025 00:00,309.39620852011745,80.09794044752024,24.27739576348063,0.4399862022240871,2.057448809355055e-05,0.004727656,1.5237608806023075,13.240580005587455,1,1,100983.78282653142
20-01-2025 00:00,337.3217612390195,81.97785855079508,25.048113777147172,0.43952825150943775,2.0297089863831226e-05,0.004727656,1.3935598277180474,13.493954042531053,1,1,101907.41089785243
21-01-2025 00:00,370.09769838380964,80.07277458948961,26.589003969135305,0.44947927072593546,2.0920820349631754e-05,0.004727656,1.4189300123627968,13.469792117076324,1,1,105560.10350647011
22-01-2025 00:00,346.40907646761553,76.39163193302585,25.26838521676583,0.4395283919537776,2.0170726520679394e-05,0.004727656,1.3303164949102193,12.878073929411613,1,1,103731.11405710805
23-01-2025 00:00,338.3212220282094,77.63354249292401,25.681233130195416,0.4430405605822106,2.0313985370094964e-05,0.004727656,1.340818606762083,12.834588502215817,1,1,104006.53020548011
24-01-2025 00:00,334.902769,75.94963542714241,25.241758121039997,0.4305804421515213,2.0019746037449105e-05,0.004727656,1.352701975,12.484133526980012,1,1,104642.6748679776
25-01-2025 00:00,327.8816035040137,75.47671659,24.98448440464504,0.4329177098995817,2.0120325156291507e-05,0.004727656,1.3311894256022363,12.115527746034946,1,1,104582.0827181778
26-01-2025 00:00,318.2967915905722,72.80459264882502,24.913937789097496,0.4360585476716667,1.9314053349639656e-05,0.004727656,1.3166953959545988,11.493891628203299,1,1,102477.12185900508
27-01-2025 00:00,303.5277362910511,70.51813276405916,24.064815487102894,0.41436997102242906,1.8714735440772145e-05,0.004727656,1.2197444827241792,10.950205143314976,1,1,101794.09031235069
28-01-2025 00:00,283.10198643515696,69.48924965084677,22.551155572814725,0.388030083,1.7982107827044953e-05,0.004727656,1.1462161288834414,11.112573287289006,1,1,100869.68247723187
29-01-2025 00:00,292.22531153121287,69.50539706335694,23.73104096173537,0.39648559854364085,1.838216773410576e-05,0.004727656,1.2194867825948368,11.782888828427556,1,1,103394.0985077923
30-01-2025 00:00,317.5201497281673,70.66126734057264,24.589537967514218,0.41130813386532866,1.877367693780726e-05,0.004727656,1.2822514693225646,12.02480152718213,1,1,104780.18449610117
31-01-2025 00:00,332.5416281958834,69.84986209,25.029950496647896,0.40772616182768334,1.8726574987978955e-05,0.004727656,1.2643443434574733,11.750550357264165,1,1,102162.90493610836
01-02-2025 00:00,296.91796517252544,64.17491110220574,23.074378444609525,0.37592359912680895,1.7628064836119137e-05,0.004727656,1.1447188853148325,10.886307767492388,1,1,100792.75175260504
02-02-2025 00:00,257.55204816861215,57.06527211724132,20.387841938023715,0.3269596342760842,1.5427982759834174e-05,0.004727656,0.941883369,9.148431259768854,1,1,97859.31083
03-02-2025 00:00,276.7127613261517,57.29360502,21.64954685067131,0.3413045088517888,1.674303895725262e-05,0.004727656,0.9693581296391208,9.942669352532713,1,1,101480.48752615179
04-02-2025 00:00,273.4629674109681,52.854767196865176,20.107430738788548,0.31309225669918955,1.5796199015494306e-05,0.004727656,0.8881173939310033,9.108333407444011,1,1,97943.4318
05-02-2025 00:00,259.6899286232349,50.02676940077696,19.215436841214785,0.31151565964301564,1.5873481802365462e-05,0.003111366,0.8759535441822907,9.266021224056622,1,1,96625.34551753066
06-02-2025 00:00,240.89698862908983,48.78888954826909,18.56211539504007,0.2962307162670634,1.4853275153158494e-05,0.00228584,0.8097798919770329,8.933017618286533,1,1,96385.38814
07-02-2025 00:00,237.21907518069986,51.112930098688395,18.309592509580263,0.29483289020592846,1.5005280957073016e-05,0.00485706,0.8148319233351922,9.009721091033327,1,1,96489.15374792163
08-02-2025 00:00,239.66407700952146,50.903586961253325,18.426744073010777,0.3076216219822798,1.589047142961397e-05,0.00485706,0.8446628007351511,9.130713711626473,1,1,96365.44805795798
09-02-2025 00:00,240.9101794,50.897936442046515,18.23258847620592,0.3026929080126867,1.5559040905258823e-05,0.00485706,0.838837534,9.102908966481317,1,1,96256.35690102533
10-02-2025 00:00,251.67180603785405,54.32900861637261,18.73242113257934,0.31115640383226856,1.583749613016871e-05,0.003809515,0.8764761986682923,9.449843875097773,1,1,97065.85684252191
11-02-2025 00:00,244.60607175508068,56.19873818852735,18.666649756294742,0.308546834,1.567602135742712e-05,0.003861598,0.8806403594917409,9.373895585682632,1,1,95877.32204060389
12-02-2025 00:00,253.8197689218086,58.461832095057794,19.14743735674222,0.32781781819984557,1.7007981192974155e-05,0.004064416,0.9762220571495831,9.971920371,1,1,97529.54471658103
13-02-2025 00:00,255.88458269467196,55.932917531571924,18.522958810586758,0.3162441854657512,1.6362415835225493e-05,0.003763379,0.9346904808048293,9.845029964404697,1,1,96597.57670109915
14-02-2025 00:00,262.87375311548635,58.32257096,19.355700150188234,0.3220696371230345,1.6650775173868994e-05,0.003388389,0.9338239976113195,10.035936497704654,1,1,97075.10624900696
15-02-2025 00:00,253.0316528335117,56.65528568080542,19.040742932696787,0.3173814576331166,1.6437515434317507e-05,0.003096385,0.8874214030561898,9.801645942536519,1,1,97564.88556
16-02-2025 00:00,254.0826067415397,55.211915930304706,18.733448869785153,0.32471729548483963,1.592479843613207e-05,0.003280056,0.8955316804046191,9.609822341122742,1,1,96181.44850140571
17-02-2025 00:00,264.2537668390256,55.47294768153109,19.087146781339616,0.3198153968309557,1.5704158818848007e-05,0.003795495,0.9213252468106223,9.892327747,1,1,95797.91505360535
18-02-2025 00:00,249.1422710291112,52.43550793640484,17.839160929931715,0.3000154794999549,1.5207395223179423e-05,0.003640425,0.8377030921740648,9.572199797,1,1,95170.28188536495
19-02-2025 00:00,253.94659184158098,54.83658778961452,17.97277666226112,0.3013000729618586,1.5456511314592672e-05,0.004728131,0.8749979157803637,9.477958193291144,1,1,96381.05337
20-02-2025 00:00,261.5273210309167,55.235747304596174,18.27555214,0.3072921954463242,1.551321191260902e-05,0.004728131,0.9136518199846594,9.356240579678294,1,1,98178.34851443385
21-02-2025 00:00,241.88572537120174,52.33887530892145,17.39279323673846,0.2913753582407852,1.5150162374038113e-05,0.004728131,0.8701687824594505,8.732433201401772,1,1,95798.65279459313
22-02-2025 00:00,248.18207198944657,56.59932316100406,17.809510804725917,0.29795721340771375,1.561411429085137e-05,0.004728131,0.9030364328831914,9.082374896123813,1,1,96571.97337356125
23-02-2025 00:00,247.39105291984188,55.22697176,17.617374812066238,0.29531147960663723,1.55813036767529e-05,0.004728131,0.8798793693990503,9.040306496084048,1,1,96133.24734903894
24-02-2025 00:00,209.95967311043526,50.97689539606321,15.177341169980748,0.2667328284495836,1.3530929520443212e-05,0.004728131,0.789855995,7.938346053,1,1,91319.26652594788
25-02-2025 00:00,205.4756716364937,51.25153793467201,15.353053849959295,0.2715791523674837,1.4185928305664732e-05,0.004727916,0.7541108626893099,8.346131828413045,1,1,88526.56387454142
26-02-2025 00:00,202.41165348378058,50.54412679853875,15.243103247893497,0.27236111410790276,1.4252175742201326e-05,0.004727916,0.792716485,7.868256845847663,1,1,83769.07493
27-02-2025 00:00,203.69337534561828,51.26518865152167,15.149620927025392,0.27807659572188015,1.4530433464261983e-05,0.004727916,0.8177951417257577,7.886392118416538,1,1,84495.18882545376
28-02-2025 00:00,192.3890131553212,50.693497135442115,14.82303722750848,0.2714022278588511,1.3926693358354633e-05,0.00475608,0.7900538789294318,7.486390075729079,1,1,84258.73362576865
01-03-2025 00:00,194.61501968433257,49.99444267,14.76252884639293,0.2815649291958152,1.3604331853040426e-05,0.004727629,0.7889882812859373,7.501503394087561,1,1,85888.13583
02-03-2025 00:00,223.8268719169241,54.13609913002553,17.392435008066602,0.3029725214048524,1.49946335378543e-05,0.0035406,0.881859099,8.249172529851073,1,1,94095.53956438352
03-03-2025 00:00,181.7391061067691,46.88622386239192,14.501107880467853,0.25608278810457674,1.2987746958044923e-05,0.002997616,0.7399427836173221,7.150207340566856,1,1,85902.13670491496
04-03-2025 00:00,206.13470479265482,49.125570286289815,14.845455778266931,0.2474169672029959,1.3055010522239168e-05,0.003783693,0.7125432489494459,7.0481168874860005,1,1,87146.50751171092
05-03-2025 00:00,221.7694305701521,51.379162604423904,16.495268602288018,0.2564783245004138,1.3367658049947687e-05,0.003725984,0.7311846811883266,7.527465016399002,1,1,90714.12859085144
06-03-2025 00:00,209.4877404515746,49.03526188,17.14292118471044,0.2501187770854733,1.333892805755039e-05,0.003891198,0.7056035626018284,7.137955731096171,1,1,89954.23572
07-03-2025 00:00,196.65603596442344,50.202588216252394,15.943268371821057,0.2405789304215021,1.3219646703077975e-05,0.003460688,0.7248334701148835,7.070092766,1,1,86423.62063204641
08-03-2025 00:00,195.60222346657025,48.834972840904285,15.281447899947365,0.24514186808397656,1.268945943606714e-05,0.003417446,0.676165874,7.144921753789874,1,1,85985.18001315497
09-03-2025 00:00,177.82434598318883,43.343853841640865,13.737041747981083,0.22057823790936773,1.16006443967371e-05,0.002924209,0.5865092653058905,6.361510791016612,1,1,80481.21193412224
10-03-2025 00:00,179.93100181561914,41.229909744213145,12.645481597794324,0.2059635057257262,1.155337864486357e-05,0.002855623,0.5844534831643071,5.901189778840128,1,1,78318.35337340432
11-03-2025 00:00,182.21975719149154,41.01620529724001,13.154259775108153,0.2155117119365661,1.1990025465352788e-05,0.002870279,0.6069759022564453,6.109631438875364,1,1,82589.98185517456
12-03-2025 00:00,174.22041313961395,41.84878000221053,13.447665455482081,0.21644139194844794,1.2403531397236156e-05,0.002726499,0.601247162,5.8934638988857095,1,1,83477.1572
13-03-2025 00:00,163.08215283774626,40.02938633982367,13.06435557864413,0.21084255551878678,1.204130082389917e-05,0.00242063,0.586926736,5.8905198826930185,1,1,80959.92415220349
14-03-2025 00:00,173.88023764586904,41.50529714374223,13.713920303881046,0.21575841588037123,1.2724609152780517e-05,0.004739702,0.6228919483060475,6.050010319730138,1,1,83820.26606802554
15-03-2025 00:00,173.70555817645635,42.404628108565774,14.079059389781635,0.21922166940848062,1.2874167000413734e-05,0.004739702,0.65594548,6.2830114726240875,1,1,84152.71733249712
16-03-2025 00:00,164.81940266918204,41.94958009119329,13.345892746175759,0.20925390561256554,1.3158187552705188e-05,0.004739702,0.6059463263685286,6.118685744656776,1,1,82345.19801339292
17-03-2025 00:00,174.84960050264024,43.59092037021082,14.04204979413394,0.21448128362445554,1.2999054385669645e-05,0.004739702,0.6628493584416187,6.299167124050432,1,1,83658.47945558092
18-03-2025 00:00,169.65004801666575,43.15120568556604,13.897169182328687,0.2116552586554009,1.2622400324445968e-05,0.00473045,0.6337998336664822,6.353966922494366,1,1,82584.50997224462
19-03-2025 00:00,183.42674623410215,43.903793285776686,15.036288370600214,0.22067746266195584,1.291999349629324e-05,0.00473045,0.6929930153106163,7.000122587968056,1,1,86763.80094
20-03-2025 00:00,177.62654374096945,42.681803376283405,14.183258426867836,0.211147411,1.2943274683089536e-05,0.001878784,0.6746939211608244,6.873970081638156,1,1,84059.42043828295
21-03-2025 00:00,178.24822337810852,41.86151806390442,14.003580551952023,0.20567912616297682,1.2634372777896238e-05,0.00203746,0.6558617534020782,6.796410809,1,1,83999.65119775833
22-03-2025 00:00,180.29764751534927,43.47599036271241,14.231581606517935,0.20964921437586123,1.2824108921783959e-05,0.001854943,0.6765738301206294,6.758688223678789,1,1,83710.87543123771
23-03-2025 00:00,184.85599822857986,42.54961652632175,14.419958906405387,0.21195737807527576,1.293392647744703e-05,0.00174432,0.6637913857588503,6.671696089018475,1,1,85701.37686860285
24-03-2025 00:00,190.05476333844476,44.582443476630345,15.076111438082917,0.2186697725556048,1.347449312008381e-05,0.001757234,0.7014233940493647,7.062173879,1,1,87393.72521399296
25-03-2025 00:00,186.3702174761862,44.35865718702079,15.37668247,0.2287069971841107,1.3809946439533537e-05,0.001676121,0.7061876342846957,6.951192297100054,1,1,87350.93769289591
26-03-2025 00:00,177.25925454648032,44.37425993838255,15.188068224143416,0.23242862628158198,1.43059234623963e-05,0.001570175,0.686770171,6.693280062810918,1,1,86758.2561
27-03-2025 00:00,184.43822703563757,44.85518806906107,15.543800023826176,0.23206412680484628,1.4136221546573394e-05,0.001420859,0.6786507546680924,6.751226309485079,1,1,87041.28597282163
28-03-2025 00:00,175.57209393749696,40.90817850712849,14.245493857969873,0.21168574652158878,1.3290752651252839e-05,0.001338357,0.6251184812540344,6.159229543,1,1,84352.60056492631
29-03-2025 00:00,167.50877630341574,38.55703874,13.492471340138762,0.20112309641604945,1.2530534288976472e-05,0.001453957,0.5787192666092775,5.933974758705322,1,1,82576.11271
30-03-2025 00:00,162.8633328018761,39.322393899746395,13.391141255184971,0.20346628452349985,1.2436370944692874e-05,0.001378055,0.5841439120839557,5.859301933,1,1,82148.55068533914
31-03-2025 00:00,159.5252076,39.587062390563794,13.540283432748213,0.20169527241157745,1.230418086482865e-05,0.001562011,0.5938451667191504,5.984556471797716,1,1,82437.79434504668
01-04-2025 00:00,167.02200737348292,44.48123381577218,14.104889836604968,0.2008051909246977,1.277144236372286e-05,0.001550383,0.6053231058490283,6.290594916331473,1,1,85096.03147252793
02-04-2025 00:00,150.82478412160359,44.48155348967192,12.956972430253423,0.1877294895452718,1.1992153742347637e-05,0.001493158,0.5645011750333586,5.853307811851664,1,1,82622.88563
03-04-2025 00:00,151.34337628408224,46.74767380649806,12.846854104908905,0.18920372425994517,1.229770250203361e-05,0.00158152,0.5587657723698917,5.843977662900099,1,1,82862.80655361104
04-04-2025 00:00,151.91755663915114,44.71314707400985,12.94624902758671,0.18975547552760377,1.2302319763960692e-05,0.001559602,0.5624320220673472,5.919814255177761,1,1,83711.95723541937
05-04-2025 00:00,152.00942930598947,44.38798523862528,12.79769810957835,0.1880246589329401,1.228587911340998e-05,0.001542943,0.5514488248099525,5.843502694,1,1,83403.80210076495
06-04-2025 00:00,128.90515605449548,39.62310658,11.244536524721111,0.17077726559033835,1.1109731863329896e-05,0.001284446,0.48889402792420933,5.080825685014713,1,1,78009.31097
07-04-2025 00:00,132.0933543699456,39.55905042664156,11.459532310571804,0.17323523274248137,1.1348001088480885e-05,0.001334737,0.5105388153753732,5.116453485153518,1,1,79055.88445149298
08-04-2025 00:00,124.76584017069125,36.84313629770746,10.894156397080524,0.16704921205476322,1.0650484221033961e-05,0.001294246,0.4960426470112015,4.751825969616975,1,1,76256.40299785348
09-04-2025 00:00,143.1700340986383,40.11693026567884,12.65200987585771,0.1860912052897287,1.2021802191934043e-05,0.00152237,0.5571969106810306,5.412747004874922,1,1,82531.68856622715
10-04-2025 00:00,131.68661558657968,39.02795651609809,12.06058387566715,0.18096135985591338,1.1641638779245798e-05,0.001389803,0.5255475224442548,5.013439042695519,1,1,79677.95638032402
11-04-2025 00:00,136.10820788764397,40.37554580051292,12.66803485,0.18237281871837452,1.2166609865412183e-05,0.001475838,0.5600031959267475,5.238495405409294,1,1,83393.49698551829
12-04-2025 00:00,148.35480444334794,41.98153931996609,13.181213846537588,0.18965564002999372,1.2540058452938294e-05,0.001612354,0.5889911421219973,5.520742561925526,1,1,85268.30868098873
13-04-2025 00:00,138.72630417955713,40.478927563041395,12.58758732057683,0.1825023063455303,1.2086246089827748e-05,0.001607255,0.5557487426570158,5.329071173854467,1,1,83710.31089301062
14-04-2025 00:00,137.4803615309763,40.323104897694776,12.650208130395459,0.1828269287172864,1.1969829708926242e-05,0.001704814,0.5598403927139303,5.362598084520849,1,1,84619.31558967734
15-04-2025 00:00,134.26565698635713,39.78657141108775,12.26921408741508,0.1791864205437039,1.1648517916988753e-05,0.004763062,0.5505621144903443,5.188360824806629,1,1,83631.89208511797
16-04-2025 00:00,134.1870187,39.36120521956668,12.34756590112551,0.17887632318958266,1.1756649837688223e-05,0.004763062,0.5450826384726862,5.156546519821507,1,1,84095.22995011714
17-04-2025 00:00,138.54418400932127,39.21175052665346,12.55739469480265,0.18207197457283703,1.182096231663625e-05,0.004732603,0.54655782,5.185665145655696,1,1,84917.57426532057
18-04-2025 00:00,138.80511342222238,39.704724493122995,12.588806441241198,0.189081632,1.2328015869881828e-05,0.004732603,0.568313307,5.192639092541876,1,1,84493.39716852516
19-04-2025 00:00,142.22054344974728,40.50440012393219,12.983706037699935,0.1912760155218402,1.2296553256407119e-05,0.004732603,0.5924700849386109,5.332855464900505,1,1,85130.88751689155
20-04-2025 00:00,140.39671497438005,40.12149856663226,13.284256493682355,0.18979085774290932,1.2444766988619116e-05,0.004732603,0.5882430504884424,5.243637448231698,1,1,84848.28513470484
21-04-2025 00:00,142.20075291289433,39.86534327904303,13.063854159310772,0.19942180343623858,1.2358934978885012e-05,0.004732603,0.597424284,5.269657538172835,1,1,87309.45836
22-04-2025 00:00,158.43836173930347,42.75996525189077,14.16797278876808,0.22027692330347928,1.36745063061243e-05,0.004732603,0.6249485391307991,5.823729606337311,1,1,93469.00994118379
23-04-2025 00:00,167.81292460989638,43.057504445815475,15.03230745803136,0.22092845290896249,1.3548692168251622e-05,0.002669038,0.6723510374779855,6.053189943880514,1,1,93574.02732
24-04-2025 00:00,167.8123065381269,43.729472735605434,15.028231013110352,0.24702812542018832,1.3659384933873577e-05,0.00238218,0.6865504074003811,5.8167592369781245,1,1,93813.77366913743
25-04-2025 00:00,167.40035281887535,44.01075142340036,14.968212853593798,0.2493166778356624,1.4081677218844316e-05,0.00258257,0.6920759389956825,5.858700120929165,1,1,94623.8868
26-04-2025 00:00,172.80238679602522,44.239005087174206,14.896813955690009,0.2449240756576093,1.4233582297857448e-05,0.002486941,0.695733548,5.829750571045524,1,1,94671.81963966558
27-04-2025 00:00,167.07134429032354,42.666466283511824,14.60373130649035,0.24063382570028224,1.3484608880465117e-05,0.00227994,0.66862651,5.512642879099488,1,1,93735.97171133506
28-04-2025 00:00,166.66808391584527,42.55109279134209,15.040829269369338,0.2394308413600653,1.3765095420234034e-05,0.002104809,0.694487212,5.4342804675450065,1,1,94881.04576998296
29-04-2025 00:00,165.31392175875132,40.80228717,14.599116939889637,0.23588616768728748,1.3457368299276022e-05,0.002019947,0.6508686873384205,5.255731645650141,1,1,94274.38533500071
30-04-2025 00:00,164.84230665763397,40.724704406123415,14.292710759686635,0.23710944521050734,1.3196378410792127e-05,0.002045203,0.6604657673014901,5.280455133175971,1,1,94275.23178999592
01-05-2025 00:00,173.25185970925597,40.32896272974402,14.797913280034603,0.24065453033589848,1.3546292288839837e-05,0.002182518,0.6791018183733794,5.329747690675347,1,1,96329.80869829825
02-05-2025 00:00,175.09294552905612,41.72360833604325,14.690898259405865,0.23895036352926408,1.3475787605534959e-05,0.002073748,0.674897035,5.252170196396412,1,1,96738.72903770315
03-05-2025 00:00,177.9829157774599,40.22851596798907,14.276459447763713,0.23017582418368768,1.3102100731628548e-05,0.001890084,0.6321710582419289,5.102692662984363,1,1,96007.60436945203
04-05-2025 00:00,171.74698159255647,39.588745219776776,13.851461018158851,0.2297953654118779,1.267303832798668e-05,0.001876311,0.6114442856974411,4.997461416736242,1,1,94435.44508747722
05-05-2025 00:00,177.63825044646003,39.26631316468575,13.698705151593677,0.2247609057527625,1.2824569763293398e-05,0.001912943,0.6082503368481214,4.9714211824592365,1,1,94845.88683
06-05-2025 00:00,177.89965843356543,38.14360284675136,13.800868366161236,0.21686095330888017,1.2717711239603e-05,0.00202094,0.5999580469911527,4.958234789660957,1,1,96492.33061315148
07-05-2025 00:00,172.6142147546867,38.94087180528605,13.818309396637428,0.21946270168261175,1.272668584229799e-05,0.002246261,0.5978241326748576,4.8735711991141315,1,1,97057.13103998819
08-05-2025 00:00,205.63710351740724,43.57672670468185,15.869794123159165,0.2507894249627586,1.4376418505401867e-05,0.002449502,0.7682846874568178,6.1260422632231135,1,1,103235.38181302928
09-05-2025 00:00,210.6670834,45.221487880906245,16.019500231241963,0.25219076330055673,1.5117862023571528e-05,0.00285194,0.7748378604476097,6.349463514603961,1,1,102982.13803230779
10-05-2025 00:00,229.0814863234288,49.091774705394215,17.382327127017128,0.2729770443285463,1.6890054065711505e-05,0.002937449,0.8502257061553848,7.541798737762344,1,1,104635.70823752388
11-05-2025 00:00,220.06959538142888,47.59889688375052,17.007592016724804,0.25567673298579147,1.6008561954939776e-05,0.002698106,0.8147858094209475,6.913929334,1,1,103907.00106087168
12-05-2025 00:00,221.19114773021556,46.90152166363836,16.760884190052895,0.2547617208906875,1.5720675770572108e-05,0.002563297,0.8298746242973242,6.885539529408402,1,1,102878.5786389481
13-05-2025 00:00,235.58561412834848,48.098945768431435,17.438026681310056,0.25905775,1.6337211644697132e-05,0.00303957,0.8642214783030921,7.090595070354818,1,1,104320.77557225617
14-05-2025 00:00,229.00742581108804,46.205973463532324,16.966759189624213,0.24863611705381305,1.584782361177215e-05,0.002805601,0.8173517811690314,6.610331346050436,1,1,103590.09645076655
15-05-2025 00:00,222.76592265229343,43.97183104,15.95635474590708,0.23525944330770687,1.4809900739136408e-05,0.002765587,0.7533246588671166,6.203198673599632,1,1,103764.11660486163
16-05-2025 00:00,231.0654142134577,45.85910705076649,15.73824361298685,0.23775287701822204,1.4576460200105873e-05,0.002820662,0.7247200378424415,6.092829132848014,1,1,103364.15174280788
17-05-2025 00:00,221.79262384585851,42.949425909301475,15.290348468091143,0.23085155850320296,1.4102940845647633e-05,0.002678942,0.7006952553704993,5.724155317,1,1,103166.75450317874
18-05-2025 00:00,232.37268087439693,44.48674856331888,15.9424733,0.24022210117363407,1.4912521179008395e-05,0.00282099,0.7193350469892584,6.1467335798007054,1,1,106524.19544940196
19-05-2025 00:00,247.52775673740214,42.38599755320376,15.79753487133961,0.23300355855144333,1.4650862124528414e-05,0.002734168,0.7107672041211397,5.915409783742457,1,1,105618.31016932351
20-05-2025 00:00,258.83484898544015,42.879209504250895,15.716182665619547,0.2335189293145074,1.4556758813129487e-05,0.002749753,0.7028833550401814,6.0160993307586965,1,1,106617.64404320922
21-05-2025 00:00,248.08106878698217,44.35941171708511,16.100884644563646,0.24158190792548875,1.493846825391288e-05,0.002724849,0.7184976641871855,6.218553736670564,1,1,109508.68513630581
22-05-2025 00:00,256.3372910164157,44.89901957577298,16.75112558198453,0.24936143769083796,1.5357702641131197e-05,0.002596827,0.7944058028369924,6.416868085339071,1,1,111298.22846076098
23-05-2025 00:00,255.4113868637813,42.378907003850834,15.53248324775065,0.23646693020979706,1.4423188111721552e-05,0.002414249,0.7281095967163699,5.978376082899547,1,1,107201.74860944852
24-05-2025 00:00,261.16257693196223,42.13712563442604,15.327009644486761,0.2321301362913909,1.435847449412391e-05,0.002433658,0.7394992109784622,6.126447611716279,1,1,107847.6250319418
25-05-2025 00:00,267.9502050046114,42.112566803647255,15.495067893970559,0.23506198948016785,1.4376054513154344e-05,0.002400895,0.728181633,6.148344661,1,1,108733.53240829478
26-05-2025 00:00,267.45323602280513,42.165730741245866,15.505647138152732,0.23037490673277508,1.4486193796663816e-05,0.002353307,0.7186514282935438,6.482987109445257,1,1,109167.75552609446
27-05-2025 00:00,272.22780300682535,42.47100188152307,15.876746016827822,0.229572276,1.4469826788193774e-05,0.002399929,0.7486790445666467,6.3284577319723105,1,1,108881.12733452853
28-05-2025 00:00,265.04961468309443,42.28994009303812,15.689275965472472,0.22722485239556284,1.438687676976718e-05,0.002275905,0.7465055435411366,6.819799652332691,1,1,107830.80070568019
29-05-2025 00:00,250.0028059472271,43.55141283386488,15.052023884570234,0.2246208411464855,1.393296813310227e-05,0.004855056,0.7371356058618396,6.569840027498542,1,1,105401.0535717534
30-05-2025 00:00,251.51325213573082,40.15640433272168,13.914465056102783,0.2071543952388494,1.2842534909502202e-05,0.004855056,0.6409480771404142,6.1936061673851945,1,1,104111.65408862379
31-05-2025 00:00,248.51495508456657,40.838656496146996,14.040699139562868,0.21399917267748916,1.2881801172713559e-05,0.004855056,0.6540489038134777,6.086989337906606,1,1,104618.20522952762
01-06-2025 00:00,246.97320827044965,40.68177914722463,14.061077898664012,0.21478100269425585,1.2956736071333922e-05,0.004855056,0.6383701242142257,6.329257724594151,1,1,105612.60890011794
02-06-2025 00:00,257.66684586867297,40.92687924,14.106844831287402,0.21920014587185332,1.3300436526978842e-05,0.004855056,0.6835424452616289,6.463130784961543,1,1,105924.33558248787
03-06-2025 00:00,266.56714263836113,44.721577640142165,14.116166193994944,0.2158940325202607,1.310891352633301e-05,0.004855056,0.6993839835223262,6.645027187829355,1,1,105338.60906939187
04-06-2025 00:00,265.2079351823203,44.732031246766525,13.844973531160788,0.21316988415924393,1.2852885793067898e-05,0.004855056,0.6905081834586593,6.327355883,1,1,104684.45664924619
05-06-2025 00:00,242.77890756429915,42.33218208030986,12.904430499147262,0.19874366321147488,1.1932393776060487e-05,0.004855056,0.6717147334815763,5.904143897942419,1,1,101531.552
06-06-2025 00:00,251.53565858587677,44.528840350401275,13.575600880608206,0.21452466014836002,1.2470324172135173e-05,0.004855056,,6.004906764829469,1,1,104288.63628981057
07-06-2025 00:00,258.8037857291391,46.00171657746802,13.816463872386443,0.21416342520035317,1.2870340930097537e-05,0.004855056,0.6576812232210926,6.3757553146253105,1,1,105649.33879858463
08-06-2025 00:00,254.46982185563314,45.88775926883308,13.725465070529143,0.21049076366215327,1.258941467118339e-05,0.001947435,0.6457853764522319,6.330557699,1,1,105695.0257913032
09-06-2025 00:00,284.1221854065922,51.254239653953924,14.399306183389163,0.22008442731103722,1.3236154821601477e-05,0.002064527,0.6451436862490568,6.878480031624365,1,1,110214.30482066462
10-06-2025 00:00,307.44272406218494,60.96753183483139,15.40932558996663,0.22576227540414523,1.3378773139794795e-05,0.002134066,0.7633256993534443,8.623673604482619,1,1,109960.55825918165
11-06-2025 00:00,303.16947255254576,59.71714211002237,14.893519053604065,0.22928397590903374,1.29950178330271e-05,0.002269816,0.7525515153393654,8.131272042,1,1,108734.5156800312
12-06-2025 00:00,294.4434356765141,54.641368952713904,14.02619346583926,0.21100615176104223,1.219382850938103e-05,0.002269816,0.6935692128793759,7.535749004192909,1,1,106152.92615386819
13-06-2025 00:00,290.12445633836103,55.857260467884636,13.397081084805318,0.2032901906152833,1.2021416237775569e-05,0.002269816,0.6177985629678572,7.742644547981011,1,1,106068.47034586269
14-06-2025 00:00,276.1647697875031,52.58189265153587,13.189445712457102,0.1993867850863138,1.2061082368684207e-05,0.001767662,0.6132529317880245,7.314087561307753,1,1,105532.32547257493
15-06-2025 00:00,273.71463085281346,52.73657289830616,13.253434010519852,0.19905636937444832,1.2031882356705776e-05,0.001767662,0.6177372617736966,7.160924024783719,1,1,105373.57240059171
16-06-2025 00:00,276.1713928443388,55.27661143370837,13.591151446043819,0.2002454799107501,1.1941490685244428e-05,0.001767662,0.6654360961862434,7.465037075334672,1,1,106697.23812420334
17-06-2025 00:00,267.6337417611676,50.16999151587902,12.980732066547532,0.19334654456037215,1.1599007354700028e-05,0.001767662,0.6229083021628576,7.443318857502224,1,1,104726.79416225095
18-06-2025 00:00,259.0429781006462,50.35309856841148,13.079608981676456,0.18956962006655798,1.1680381629830381e-05,0.001767662,0.6224534189217048,7.571514122828292,1,1,104630.5008096693
19-06-2025 00:00,255.83621172767198,51.29582379781151,13.115421288207388,0.18658225928598698,1.1645238785566206e-05,0.001597114,0.6182983375722765,7.710901109787326,1,1,104770.03286588311
20-06-2025 00:00,247.15770213420694,48.76040551406554,12.46856443041013,0.1814673237601333,1.1185426297279515e-05,0.001651216,0.5968644126336674,7.064024798609885,1,1,103278.08223758801
21-06-2025 00:00,233.80486860733097,46.45454267737174,11.993162188232915,0.17308841370755867,1.0900354756499163e-05,0.001651216,0.5814103661219032,6.4432434792030815,1,1,102131.06911451048
22-06-2025 00:00,227.0251270612362,45.12185999027461,11.634636367489097,0.1718025213019204,1.0559619393061523e-05,0.001320208,0.5238558034095857,6.249317041549763,1,1,100764.98598418012
23-06-2025 00:00,257.06803057340585,47.209675393790135,12.888351116818708,0.18171234095834446,1.1656239967519457e-05,0.001328811,0.5748550899264641,6.830774922409334,1,1,105277.50095229957
24-06-2025 00:00,263.0056193979833,46.48907414629099,13.362428117484093,0.18229694904994814,1.1674750937603267e-05,0.001618605,0.6057110035072705,7.043359321224409,1,1,105888.46939799146
25-06-2025 00:00,255.4370657334975,45.66315816192907,13.13403976463516,0.17730326735777457,1.1556506280132834e-05,0.001618605,0.59344661,6.972611279238536,1,1,107078.19812436649
26-06-2025 00:00,250.38628191478443,45.44771165080029,12.916443924849414,0.17329883168354748,1.1219072081183904e-05,0.001618605,0.5749337838258022,6.8042060020621715,1,1,106886.37260188778
27-06-2025 00:00,258.4444969332925,45.90306178211643,13.02602760197395,0.17432598566692925,1.1222344009085444e-05,0.001618605,0.5800762765308835,6.922881858434866,1,1,107127.09752372913
28-06-2025 00:00,260.4954133,45.65174635086814,13.376208122573901,0.1771752299438471,1.1488091061583966e-05,0.001816078,0.6008101119007886,7.137023288,1,1,107208.9025032859
29-06-2025 00:00,278.64341528279294,46.65824162777987,13.763587785476911,0.18533316592455143,1.19828965768377e-05,0.001641933,0.6349041053696338,7.417367251106321,1,1,108129.70865475875
30-06-2025 00:00,275.5384617877517,44.684047289893854,13.434814448817619,0.18801251902214183,1.153183667594696e-05,0.001646103,0.6044485824308896,7.153909388970857,1,1,107136.68844164233
01-07-2025 00:00,260.0475085003488,41.56809331,12.850943878953832,0.17612168625869498,1.1065866004260126e-05,0.001646103,0.5748011852269634,6.5999132754483725,1,1,105567.7919860293
02-07-2025 00:00,277.6017627144867,44.41502962474835,13.602852985157526,0.18918403008218534,1.1955950500977249e-05,0.001646103,0.6283486354394392,7.371216797236735,1,1,108761.43028275031
03-07-2025 00:00,280.3940522075545,43.21685524934806,13.720936189474823,0.1873414420709485,1.1947995981196374e-05,0.001646103,0.6279830669603187,7.493492396733791,1,1,109812.00081572204
04-07-2025 00:00,266.15156455678397,41.276184677303974,13.19746118511506,0.1794345807287555,1.1482618345824393e-05,0.001642031,0.5870076913167531,6.956510986213053,1,1,108132.9214224647
05-07-2025 00:00,273.88717678465645,41.201975556546415,13.200808468554127,0.18262158981184973,1.1479025725022998e-05,0.001697572,0.5908943262179186,7.303372398,1,1,108174.93352276336
06-07-2025 00:00,286.6664869716628,41.78282701937614,13.524543970005613,0.18385183173787176,1.1863385730557002e-05,0.001954836,0.6065051726339634,7.422287059765534,1,1,108964.53460219772
07-07-2025 00:00,282.1290999830938,40.71971736906303,13.392023531815907,0.1838595563010958,1.16380263431694e-05,0.001829409,0.610545542,7.358185102,1,1,108078.0416328954
08-07-2025 00:00,292.6480184152605,40.88791847061862,13.914281148149676,0.19277710483763422,1.1925948241666533e-05,0.00178953,0.5990666274104864,7.627532502489207,1,1,108758.85161612573
09-07-2025 00:00,302.85408767044174,46.186002515176774,14.299783941550373,0.207576521,1.2517907661944475e-05,0.00192105,0.6323155767785993,8.325946213960004,1,1,111354.5027008034
10-07-2025 00:00,309.8116474884935,48.16496620333568,15.254049562506617,0.219764009,1.3244371435566043e-05,0.00192105,0.6767202076684402,8.482275341,1,1,115705.39130199698
11-07-2025 00:00,297.96562857477556,47.080585026008436,15.247498765074432,0.22805097939973365,1.3315933936419717e-05,0.001842949,0.7184931392020968,8.688009063063618,1,1,117473.30292784139
12-07-2025 00:00,301.82128039415704,46.09312118889668,15.06172547758817,0.22520696541637392,1.3090110936922343e-05,0.001804962,0.6940331505014756,8.392702091916371,1,1,117368.54954810467
13-07-2025 00:00,306.62117062211655,46.33460648270558,15.637348167715473,0.2308126639504965,1.325967095255471e-05,0.00170591,0.7241993618163088,8.500749390459962,1,1,118817.91915610721
14-07-2025 00:00,315.8713676016208,48.8208825,15.805595873497753,0.22883036798383352,1.3364909593128024e-05,0.001632393,0.7045925944271361,9.149173909374149,1,1,119952.76871139763
15-07-2025 00:00,327.6931617638781,48.21882551466045,16.077725765443063,0.23192292946571844,1.3828762678233646e-05,0.001602069,,9.337290148,1,1,117618.77770579177
16-07-2025 00:00,322.9436517582478,50.49828799849113,16.68570732120988,0.2327195832859634,1.4506656971950062e-05,0.001577832,0.7608278351937106,8.900718581,1,1,118660.79442877555
17-07-2025 00:00,321.83802308521376,49.010001431122895,18.038526668545394,0.23761876897206952,1.445576184866536e-05,0.001149725,0.7473765584373887,8.975757099508215,1,1,119295.94699707464
18-07-2025 00:00,323.6763801451585,51.15532252803505,17.76401184412652,0.2346485878380614,1.4524386382426517e-05,0.001774044,0.9099207007157352,10.133691258176137,1,1,117938.00365891293
19-07-2025 00:00,318.5471785453852,51.57581057898554,18.463471216277327,0.23815711858753746,1.4919464019517767e-05,0.001873549,0.985837496,10.156854757618415,1,1,117835.35418912383
20-07-2025 00:00,324.27758082434866,54.107830133224766,19.322926376326514,0.25161935004121333,1.5551227187117874e-05,0.00207575,0.9957984063414266,10.673934302488458,1,1,117284.11883935127
21-07-2025 00:00,322.5669438581697,53.58496595679069,19.521376976970622,0.2574660400913347,1.5435637164854302e-05,0.001982394,1.0203291879617868,10.877607059131375,1,1,117382.63243773533
22-07-2025 00:00,309.9755968035241,52.58623055538016,19.601406240846934,0.2535888164705971,1.5347036817656604e-05,0.002047702,0.9811326785007294,10.755237850647406,1,1,119865.86100326212
23-07-2025 00:00,290.3394300063766,49.96586923505144,18.18156841125604,0.23181009260977153,1.3893377691685685e-05,0.002008726,0.8985583204766454,10.173212538044918,1,1,118478.75432781287
24-07-2025 00:00,287.0947967250366,48.00614141,17.95853601112887,0.22964205451673575,1.3684068263659697e-05,0.002216698,0.8883077719645802,10.154911145786249,1,1,118205.9605200505
25-07-2025 00:00,293.58732539557343,48.49746339022815,18.29717926981331,0.2323595393388012,1.3959836876424763e-05,0.002158973,0.8912366192311343,10.379124735057733,1,1,117421.0604996205
26-07-2025 00:00,296.4141393317776,49.37851028897251,18.49493354986814,0.23654128457013682,1.407260972437911e-05,0.002310612,0.9106203304959701,10.561712752141863,1,1,117859.71892177503
27-07-2025 00:00,303.98878510246664,51.18366212281543,19.220057521834377,0.23841858239827818,1.4233597085473363e-05,0.002584085,0.9296559821407597,10.942833501598805,1,1,119363.75271993558
28-07-2025 00:00,288.3246790402296,48.40140236649748,18.100459437302714,0.2262650096416628,1.3426354747034089e-05,0.002335394,0.8636381190963759,10.449126524256206,1,1,117945.30190269479
29-07-2025 00:00,282.2428032451444,47.44589581846301,17.84538653440901,0.22118297340334062,1.3178475263265796e-05,0.002434297,0.8515740613852917,10.26698205855852,1,1,117900.51407685877
30-07-2025 00:00,273.9511692574168,46.97609879747252,17.704013749639362,0.2162949367923436,1.2734511188250535e-05,0.002434297,0.830978223,9.996013673,1,1,117678.17421774787
31-07-2025 00:00,260.02021368940854,45.32184263799282,16.890419301489548,0.20513049139847606,1.247872025261762e-05,0.002387603,0.785794234,9.35020036,1,1,115532.1295025014
01-08-2025 00:00,255.65100498410533,43.79531358442712,16.06819128135967,0.19645534829315933,1.1954367583357947e-05,0.002047704,0.76151653,9.045894051732672,1,1,113096.54062176576
02-08-2025 00:00,250.01007631240017,44.37446420173434,15.663742642747536,0.19366704332049464,1.17719843877401e-05,0.001843307,0.7317406010244057,8.799421838915373,1,1,112515.34871999781
03-08-2025 00:00,260.6794022865906,45.06466021290993,16.34559462026873,0.20222836623377968,1.2260904247556349e-05,0.002060632,0.7544171612726339,9.186420309207238,1,1,114303.37379168333
04-08-2025 00:00,268.58825508286856,47.00716813216138,17.099630037225623,0.21172834392168008,1.2571708408689723e-05,0.001992963,0.7982568808985929,9.966929151921505,1,1,115154.48567964889
05-08-2025 00:00,255.2141898045018,45.31293769317726,16.395378296029627,0.21256661901663315,1.208196671292632e-05,0.001916399,0.7539867091409356,9.573861907735045,1,1,114195.58388813234
06-08-2025 00:00,263.17584686067846,46.17560424413383,16.68449098942136,0.2232908493380342,1.2307058870027762e-05,0.001991406,0.7756279567455795,9.708430223362193,1,1,114990.92176463155
07-08-2025 00:00,284.8197842976056,48.32869878,18.461439582089515,0.23687766826515233,1.2868945849330878e-05,0.002072527,0.8350157016355041,10.424950106287506,1,1,117405.56236922246
08-08-2025 00:00,291.64804619652006,49.51371448889801,19.90082978819896,0.24429665281216878,1.318008565988141e-05,0.001953966,0.8508335587107752,10.885635584842694,1,1,116614.96084955007
09-08-2025 00:00,307.2776730402402,55.168276266343454,21.99179391046688,0.24784479161217554,1.3846248600989793e-05,0.001983718,0.8962584968220524,10.955061701449871,1,1,116417.00511526076
10-08-2025 00:00,306.78022986127024,54.13207829166797,22.093425667154122,0.24150086556898379,1.360011939633778e-05,0.001855966,0.8907078030648578,10.933507492812492,1,1,119146.76002988317
11-08-2025 00:00,293.83765708154505,51.014458575570764,21.125273792222952,0.23579377266344698,1.3020681296991534e-05,0.001969217,0.8226675064469309,11.054863529787854,1,1,118707.17785681813
12-08-2025 00:00,322.4777602041206,53.5402349,23.565893633575318,0.24829157146004713,1.3627209691961117e-05,0.002120584,0.8692312434232163,11.580320990327628,1,1,120090.61935471195
13-08-2025 00:00,333.2255351884173,53.74162598258865,23.995912780350913,0.257090229,1.403230191087592e-05,0.002156759,0.9365678775130626,12.198056067864119,1,1,123170.0687817769
14-08-2025 00:00,313.5993963,48.90809579738162,22.499905991501212,0.23841605898725649,1.2855007577328145e-05,0.00199876,0.8452409164522431,10.93216788977239,1,1,118435.41761478693
15-08-2025 00:00,298.9223042224908,47.296919023284964,21.72583915803131,0.2317697928443606,1.2743703541538698e-05,0.001861567,0.8450709201494836,10.691967017456848,1,1,117267.36338271273
16-08-2025 00:00,295.50293909129584,48.16064128673207,22.68622957176582,0.23617792635531246,1.2934479867937062e-05,0.001925978,0.8293752458627747,11.04094309,1,1,117535.69443350627
17-08-2025 00:00,303.02847511156824,48.47159677060591,25.71628809818577,0.24761228006880237,1.3069680023043265e-05,0.002369416,0.8430565103504709,11.068775817142672,1,1,117414.59954650926
18-08-2025 00:00,289.4354214,47.074586629700036,25.754402311691624,0.2582541623720593,1.2650797819747794e-05,0.002157588,0.793364019,10.492106722896569,1,1,116089.85441302831
19-08-2025 00:00,276.49750443597213,44.82705087031474,23.468740161626414,0.23543360702432306,1.1991617624263843e-05,0.001992287,0.7577331739955002,9.931147809,1,1,112659.4600030977
20-08-2025 00:00,298.6554559816162,46.28045475769632,26.495151806191636,0.24474658626018958,1.2648270848552965e-05,0.002111783,0.7902371894817638,10.622885574579053,1,1,114258.78926645566
21-08-2025 00:00,299.79130716107227,45.183197741796285,24.751881248264368,0.2376986389449847,1.2331074639861779e-05,0.00195093,0.7673612557839365,10.211955400836919,1,1,112310.00715826215
22-08-2025 00:00,344.90366429296927,49.320903784925335,26.77818568723484,0.254675542,1.3391096081448935e-05,0.002110702,0.8870196708624299,11.461567397533162,1,1,116938.28101866154
23-08-2025 00:00,358.28738474315475,48.66627292077304,26.327515590370332,0.2491545242598289,1.3327084399916e-05,0.002020119,0.868186396,11.38467086291056,1,1,115349.98323358441
24-08-2025 00:00,348.34628903997884,46.62269109,25.92741369668527,0.25417937218645464,1.2921441844334661e-05,0.00200172,0.8304637354483774,10.972949995848023,1,1,113719.6015164942
25-08-2025 00:00,317.8796678341005,42.65653702155137,23.398572339365753,0.23243598005766938,1.1933451291452846e-05,0.001881853,0.7422780627700297,9.70952865,1,1,110327.80161119266
26-08-2025 00:00,335.7916703859555,44.54024787905119,24.483225207846882,0.24539637573924158,1.259685946038403e-05,0.001773182,0.790965878,9.966924199,1,1,112027.6855542448
27-08-2025 00:00,320.0670647654964,43.50574397,23.767459312800646,0.23911395596154147,1.2353867663135156e-05,0.001649187,0.7879219311453393,9.801085900051213,1,1,111429.66576376717
28-08-2025 00:00,317.77977008431566,44.62510017666364,25.184786698320774,0.24745568285157907,1.2538130786328081e-05,0.001746371,0.8019452891492573,10.02623849553961,1,1,112602.32903232737
29-08-2025 00:00,319.5804765445016,42.921409066346776,23.415252065186774,0.24127382171526007,1.2211241735559943e-05,0.001685941,0.7531407279648753,9.615298749,1,1,108565.83901800815
30-08-2025 00:00,319.19156119648943,42.81628497420629,23.515987232745488,0.25722386642452244,1.239779661216122e-05,0.001745316,0.7671285244996318,9.731313312061124,1,1,109287.94634133307
31-08-2025 00:00,315.3902475564615,42.668053183341456,23.270755988584288,0.27857700048847095,1.2190870109180106e-05,0.001713141,0.7615462158603049,9.612284304631265,1,1,108317.31993909113
01-09-2025 00:00,303.8620757939803,42.61014099497461,22.463255063208596,0.2714443324599036,1.2006112843285173e-05,0.00168828,0.7243105831379252,9.311784902706226,1,1,109048.47588761148
02-09-2025 00:00,316.43705068810857,43.19991939564866,23.47433807478263,0.2893816491927699,1.2366623948573247e-05,0.00164546,0.7520262793298994,9.575159865375475,1,1,111309.17568514467
03-09-2025 00:00,328.05834743436185,43.51064989259222,23.715984603831902,0.2826042470704595,1.261172159985938e-05,0.00160162,0.7818238792824328,9.712578781,1,1,111902.25231568755
04-09-2025 00:00,307.8562622146369,42.21538758090701,22.40693850489492,0.28084725663963356,1.2063203293440881e-05,0.001525069,0.7534212013619612,9.313683517520687,1,1,110686.12498061595
05-09-2025 00:00,302.8540152393092,43.29817623502061,22.32412281026303,0.27958318486423145,1.2343460488510975e-05,0.001584315,0.7555331804331499,9.422391765,1,1,110917.61398148272
06-09-2025 00:00,298.82913019481975,42.29092702181704,22.194334121503942,0.27406893791883635,1.2254350244798572e-05,0.0014595,0.7457734403275128,9.316828943852292,1,1,110280.1969540177
07-09-2025 00:00,302.50568413127553,42.72905503864986,22.49408227429555,0.2767542098446151,1.2375570580253415e-05,0.001487196,0.749142871,9.387379925359719,1,1,111261.20698089659
08-09-2025 00:00,303.7563818061374,43.54201768169965,23.04793824991396,0.2737191622884172,1.28071197275966e-05,0.001664919,0.7850390387083833,9.547896921267771,1,1,112251.63436142994
09-09-2025 00:00,298.0782185496682,43.35447663595812,23.080078892902275,0.26888814062828853,1.2878442934215526e-05,0.001679467,0.7867908449261015,9.512455201,1,1,111682.5214066262
10-09-2025 00:00,299.7121492642695,43.655343355381916,23.505906010710856,0.2699356260705777,1.2945287047714161e-05,0.001750803,0.7915423245578305,9.751131556826492,1,1,113940.16537875649
11-09-2025 00:00,309.37034946379913,45.14969776115192,24.416139628863064,0.27164062389903043,1.3197183546961078e-05,0.001988072,0.8260021752784301,9.975422875,1,1,115332.28096931348
12-09-2025 00:00,320.7647309660046,45.83776957963827,25.15417742691719,0.27351831223457046,1.3813001273751407e-05,0.002427032,0.8498031173094998,10.174054838694033,1,1,116103.06534196099
13-09-2025 00:00,314.81587330525736,47.09861904179197,24.90849007128538,0.28202909385344754,1.4252773675631375e-05,0.002259978,0.8537724982156494,10.099160037716238,1,1,115907.98143675737
14-09-2025 00:00,307.88431198600057,45.17066093307153,24.204356801252317,0.27348722117533325,1.3764381840285577e-05,0.002848846,0.8199567454534918,9.455629575523051,1,1,115757.11888418246
15-09-2025 00:00,298.6407828804232,44.209830382501096,23.60429780332435,0.2563725525755093,1.3104591218783943e-05,0.002472413,0.7653056756354351,9.146369275498785,1,1,115527.65179522794
16-09-2025 00:00,300.08675742450475,44.69967821487061,23.574774751425828,0.2582529098407331,1.3187867312889747e-05,0.002883328,0.7910220826056402,9.370055265942383,1,1,116891.83799479197
17-09-2025 00:00,307.0048107392624,45.68945626043525,24.060479487159927,0.26266705766944987,1.349249031440969e-05,0.003036851,0.8146075865279511,9.583909497848918,1,1,116772.40024572353
18-09-2025 00:00,309.0523118984895,46.11803239849567,24.635979453162967,0.2610055038399267,1.3455679635411433e-05,0.003053568,0.8152818158763806,9.604896161249181,1,1,117112.41306836146
19-09-2025 00:00,299.91825650867906,44.050919746509294,23.602499453702865,0.2495025582019708,1.2864173106559913e-05,0.002675201,0.7669864731438434,9.186207320211642,1,1,116027.61459607365
20-09-2025 00:00,297.7559554223026,44.820478974849124,23.36625490499882,0.2502994873594036,1.2913417827062483e-05,0.002552987,0.7756593519100279,9.207052736,1,1,115950.48623423521
21-09-2025 00:00,294.7096392349973,44.815201469675195,22.99751520384911,0.246241353,1.2837991396388168e-05,0.002402092,0.7637850530913382,9.073893064,1,1,115243.37734014216
22-09-2025 00:00,269.39529613714194,41.88332854840474,21.58402452311803,0.2262892229304577,1.2121722517120558e-05,0.002479653,0.6814695828344889,8.205278940479518,1,1,112766.27387284838
23-09-2025 00:00,275.7118124147972,41.449007103232674,21.634572827120017,0.22517863730670984,1.2154732516513739e-05,0.002532656,0.6798095066637182,8.097111984633633,1,1,112136.6099796804
24-09-2025 00:00,277.80017377115604,41.728777790914904,21.66877921094564,0.22480297840285954,1.2102124999558053e-05,0.00230561,0.6815751478781478,7.925858496626728,1,1,113484.36847965169
25-09-2025 00:00,259.2378704525946,39.69010550660374,20.092672914614614,0.21567630683333483,1.1579278960792277e-05,0.002201511,0.6548271047314141,7.433194903570671,1,1,108940.33307699929
26-09-2025 00:00,258.34137188769193,39.57513806542713,20.115671291245853,0.21424941246624635,1.1659331767023582e-05,0.002149892,0.6359295770341439,7.393100800467933,1,1,109157.87152752261
